run	purpose	expected	actual	result
baseline	mvn test	28 tests pass	28 tests passed	PASS
mutation	RouteSpecification missed-deadline assertion	Targeted failure	1 test failed with concise assertion	PASS
restored	Restored missed-deadline assertion	Targeted pass	1 test passed	PASS
package	Production WAR packaging	Build succeeds	cargo-tracker.war built	PASS
http-root	GET /cargo-tracker/	HTTP 200 and Cargo Tracker	HTTP 200 and Cargo Tracker	PASS
http-admin	GET /cargo-tracker/admin/dashboard.xhtml	HTTP 200 and seeded cargo	HTTP 200, Cargo Dashboard, ABC123	PASS
http-detail	GET /cargo-tracker/admin/show.xhtml?trackingId=ABC123	HTTP 200 and ABC123	HTTP 200 and ABC123	PASS
http-rest	GET /cargo-tracker/rest/cargo	HTTP 200 and four seeded IDs	HTTP 200 and ABC123, DEF789, JKL567, MNO456	PASS
automated-http	run-http-acceptance.sh	Package, deploy, probe, and stop succeed	All five HTTP/content assertions passed and Liberty stopped	PASS
