mode	metric	minimum	median	maximum	range	cv_percent
direct	startup_ms	24574.000	25469.000	28849.000	4275.000	6.144
direct	request_median_ms	7.628	7.815	8.364	0.736	3.575
direct	peak_rss_kb	744168.000	810748.000	1003708.000	259540.000	10.470
direct	cpu_seconds	76.340	80.420	94.960	18.620	8.510
direct	heap_before_kb	106615.000	145689.000	204431.000	97816.000	22.079
direct	heap_after_kb	140241.000	153528.000	201259.000	61018.000	13.801
direct	gc_pause_count	35.000	37.000	41.000	6.000	6.125
direct	gc_pause_total_ms	260.370	277.522	360.664	100.294	12.700
direct	total_ms	41635.000	42982.000	46300.000	4665.000	4.038
bypass	startup_ms	23663.000	30498.000	31139.000	7476.000	11.568
bypass	request_median_ms	7.733	7.782	9.647	1.914	9.162
bypass	peak_rss_kb	803672.000	878740.000	1012900.000	209228.000	8.725
bypass	cpu_seconds	71.190	99.500	103.760	32.570	15.645
bypass	heap_before_kb	140533.000	178298.000	382412.000	241879.000	39.928
bypass	heap_after_kb	127465.000	142759.000	276824.000	149359.000	31.895
bypass	gc_pause_count	34.000	36.000	42.000	8.000	7.650
bypass	gc_pause_total_ms	217.287	333.112	421.010	203.723	21.744
bypass	total_ms	40862.000	48346.000	48742.000	7880.000	7.849
tuned	startup_ms	24036.000	28790.000	30783.000	6747.000	9.979
tuned	request_median_ms	7.282	7.619	9.073	1.791	7.944
tuned	peak_rss_kb	738576.000	790644.000	923064.000	184488.000	7.798
tuned	cpu_seconds	75.250	82.620	97.070	21.820	10.149
tuned	heap_before_kb	129367.000	157281.000	231950.000	102583.000	20.594
tuned	heap_after_kb	124654.000	166336.000	190458.000	65804.000	15.985
tuned	gc_pause_count	38.000	44.000	57.000	19.000	14.959
tuned	gc_pause_total_ms	286.921	341.114	464.596	177.675	17.236
tuned	total_ms	41177.000	46068.000	48725.000	7548.000	7.105
