comparison	metric	minimum_delta	median_delta	maximum_delta	negative_cycles	zero_cycles	positive_cycles	median_percent
bypass_minus_direct	startup_ms	-1806.000	1649.000	6491.000	1	0	4	5.716
tuned_minus_direct	startup_ms	-538.000	-59.000	6135.000	3	0	2	-0.205
tuned_minus_bypass	startup_ms	-1708.000	-356.000	1301.000	4	0	1	-1.143
bypass_minus_direct	request_median_ms	-0.481	-0.028	2.019	3	0	2	-0.361
tuned_minus_direct	request_median_ms	-0.479	-0.182	0.847	4	0	1	-2.176
tuned_minus_bypass	request_median_ms	-2.049	-0.451	1.328	4	0	1	-5.832
bypass_minus_direct	peak_rss_kb	-124968.000	59504.000	180268.000	1	0	4	7.996
tuned_minus_direct	peak_rss_kb	-265132.000	2992.000	90432.000	2	0	3	0.374
tuned_minus_bypass	peak_rss_kb	-140164.000	-89836.000	-13028.000	5	0	0	-8.869
bypass_minus_direct	cpu_seconds	-7.890	8.800	23.250	2	0	3	9.267
tuned_minus_direct	cpu_seconds	-7.820	-3.960	20.730	4	0	1	-4.249
tuned_minus_bypass	cpu_seconds	-16.880	-2.520	4.530	3	0	2	-2.530
bypass_minus_direct	heap_before_kb	-63898.000	31241.000	275797.000	1	0	4	21.444
tuned_minus_direct	heap_before_kb	-12720.000	-893.000	125335.000	3	0	2	-0.686
tuned_minus_bypass	heap_before_kb	-150462.000	-22917.000	51178.000	4	0	1	-12.953
bypass_minus_direct	heap_after_kb	-26063.000	2518.000	108969.000	2	0	3	1.795
tuned_minus_direct	heap_after_kb	-15587.000	-10801.000	43971.000	4	0	1	-5.367
tuned_minus_bypass	heap_after_kb	-110488.000	-18105.000	49385.000	3	0	2	-10.546
bypass_minus_direct	gc_pause_count	-4.000	-1.000	1.000	4	0	1	-2.778
tuned_minus_direct	gc_pause_count	1.000	7.000	22.000	0	0	5	18.919
tuned_minus_bypass	gc_pause_count	3.000	8.000	23.000	0	0	5	21.429
bypass_minus_direct	gc_pause_total_ms	-43.083	1.372	158.541	2	0	3	0.494
tuned_minus_direct	gc_pause_total_ms	-45.494	38.181	202.127	1	0	4	12.604
tuned_minus_bypass	gc_pause_total_ms	-25.356	43.586	99.968	2	0	3	10.353
bypass_minus_direct	total_ms	-2120.000	2442.000	6711.000	2	0	3	5.274
tuned_minus_direct	total_ms	-1591.000	-232.000	7090.000	3	0	2	-0.501
tuned_minus_bypass	total_ms	-2674.000	-58.000	1067.000	3	0	2	-0.119
