cycle	metric	direct	bypass	tuned	bypass_minus_direct	tuned_minus_direct	tuned_minus_bypass
1	startup_ms	25469.000	23663.000	24964.000	-1806.000	-505.000	1301.000
1	request_median_ms	7.761	7.733	7.282	-0.028	-0.479	-0.451
1	peak_rss_kb	744168.000	803672.000	790644.000	59504.000	46476.000	-13028.000
1	cpu_seconds	79.080	71.190	75.720	-7.890	-3.360	4.530
1	heap_before_kb	167215.000	178298.000	157281.000	11083.000	-9934.000	-21017.000
1	heap_after_kb	201259.000	212911.000	190458.000	11652.000	-10801.000	-22453.000
1	gc_pause_count	41.000	42.000	51.000	1.000	10.000	9.000
1	gc_pause_total_ms	277.522	278.894	378.862	1.372	101.340	99.968
1	total_ms	42982.000	40862.000	41929.000	-2120.000	-1053.000	1067.000
2	startup_ms	24574.000	24639.000	24036.000	65.000	-538.000	-603.000
2	request_median_ms	7.815	7.782	7.619	-0.033	-0.196	-0.163
2	peak_rss_kb	832632.000	1012900.000	923064.000	180268.000	90432.000	-89836.000
2	cpu_seconds	80.420	73.940	75.250	-6.480	-5.170	1.310
2	heap_before_kb	106615.000	382412.000	231950.000	275797.000	125335.000	-150462.000
2	heap_after_kb	140241.000	142759.000	124654.000	2518.000	-15587.000	-18105.000
2	gc_pause_count	36.000	35.000	38.000	-1.000	2.000	3.000
2	gc_pause_total_ms	260.370	217.287	286.921	-43.083	26.551	69.634
2	total_ms	42768.000	41746.000	41177.000	-1022.000	-1591.000	-569.000
3	startup_ms	26760.000	30591.000	30317.000	3831.000	3557.000	-274.000
3	request_median_ms	8.226	7.745	9.073	-0.481	0.847	1.328
3	peak_rss_kb	810748.000	815420.000	771112.000	4672.000	-39636.000	-44308.000
3	cpu_seconds	90.440	99.500	82.620	9.060	-7.820	-16.880
3	heap_before_kb	204431.000	140533.000	191711.000	-63898.000	-12720.000	51178.000
3	heap_after_kb	153528.000	127465.000	139905.000	-26063.000	-13623.000	12440.000
3	gc_pause_count	37.000	36.000	44.000	-1.000	7.000	8.000
3	gc_pause_total_ms	302.933	366.470	341.114	63.537	38.181	-25.356
3	total_ms	45534.000	48695.000	48637.000	3161.000	3103.000	-58.000
4	startup_ms	24648.000	31139.000	30783.000	6491.000	6135.000	-356.000
4	request_median_ms	7.628	9.647	7.598	2.019	-0.030	-2.049
4	peak_rss_kb	1003708.000	878740.000	738576.000	-124968.000	-265132.000	-140164.000
4	cpu_seconds	76.340	99.590	97.070	23.250	20.730	-2.520
4	heap_before_kb	145689.000	176930.000	154013.000	31241.000	8324.000	-22917.000
4	heap_after_kb	143106.000	137692.000	187077.000	-5414.000	43971.000	49385.000
4	gc_pause_count	35.000	34.000	57.000	-1.000	22.000	23.000
4	gc_pause_total_ms	262.469	421.010	464.596	158.541	202.127	43.586
4	total_ms	41635.000	48346.000	48725.000	6711.000	7090.000	379.000
5	startup_ms	28849.000	30498.000	28790.000	1649.000	-59.000	-1708.000
5	request_median_ms	8.364	8.755	8.182	0.391	-0.182	-0.573
5	peak_rss_kb	799664.000	932664.000	802656.000	133000.000	2992.000	-130008.000
5	cpu_seconds	94.960	103.760	91.000	8.800	-3.960	-12.760
5	heap_before_kb	130260.000	195421.000	129367.000	65161.000	-893.000	-66054.000
5	heap_after_kb	167855.000	276824.000	166336.000	108969.000	-1519.000	-110488.000
5	gc_pause_count	40.000	36.000	41.000	-4.000	1.000	5.000
5	gc_pause_total_ms	360.664	333.112	315.170	-27.552	-45.494	-17.942
5	total_ms	46300.000	48742.000	46068.000	2442.000	-232.000	-2674.000
