cycle	position	mode	run_name	startup_ms	request_count	request_min_ms	request_median_ms	request_max_ms	request_cv_percent	peak_rss_kb	cpu_seconds	heap_before_kb	heap_after_kb	gc_pause_count	gc_pause_total_ms	total_ms	jfr_bytes	gc_log_bytes	result
1	1	direct	cycle-01-01-direct	25469	30	6.478	7.761	12.357	15.731	744168	79.080	167215	201259	41	277.522	42982	542150	84255	PASS
1	2	bypass	cycle-01-02-bypass	23663	30	6.102	7.733	13.187	17.780	803672	71.190	178298	212911	42	278.894	40862	508857	85648	PASS
1	3	tuned	cycle-01-03-tuned	24964	30	6.006	7.282	10.108	13.698	790644	75.720	157281	190458	51	378.862	41929	525505	100143	PASS
2	1	bypass	cycle-02-01-bypass	24639	30	5.847	7.782	14.710	20.950	1012900	73.940	382412	142759	35	217.287	41746	477264	74326	PASS
2	2	tuned	cycle-02-02-tuned	24036	30	6.019	7.619	16.037	23.301	923064	75.250	231950	124654	38	286.921	41177	629280	79791	PASS
2	3	direct	cycle-02-03-direct	24574	30	6.245	7.815	13.333	22.373	832632	80.420	106615	140241	36	260.370	42768	513599	74602	PASS
3	1	tuned	cycle-03-01-tuned	30317	30	6.175	9.073	19.350	38.414	771112	82.620	191711	139905	44	341.114	48637	611092	90942	PASS
3	2	direct	cycle-03-02-direct	26760	30	5.832	8.226	13.824	20.354	810748	90.440	204431	153528	37	302.933	45534	798840	76905	PASS
3	3	bypass	cycle-03-03-bypass	30591	30	6.231	7.745	12.298	14.246	815420	99.500	140533	127465	36	366.470	48695	485217	75233	PASS
4	1	direct	cycle-04-01-direct	24648	30	6.291	7.628	14.541	21.878	1003708	76.340	145689	143106	35	262.469	41635	466387	73323	PASS
4	2	tuned	cycle-04-02-tuned	30783	30	5.748	7.598	17.407	30.189	738576	97.070	154013	187077	57	464.596	48725	600990	109265	PASS
4	3	bypass	cycle-04-03-bypass	31139	30	6.884	9.647	36.042	54.900	878740	99.590	176930	137692	34	421.010	48346	513686	72434	PASS
5	1	bypass	cycle-05-01-bypass	30498	30	6.595	8.755	15.288	21.700	932664	103.760	195421	276824	36	333.112	48742	814227	76409	PASS
5	2	direct	cycle-05-02-direct	28849	30	6.215	8.364	12.124	16.321	799664	94.960	130260	167855	40	360.664	46300	445951	80902	PASS
5	3	tuned	cycle-05-03-tuned	28790	30	5.993	8.182	14.784	21.988	802656	91.000	129367	166336	41	315.170	46068	525256	85064	PASS
