cycle	position	mode	run_name	InitialHeapSize	MaxHeapSize	MinHeapFreeRatio	MaxHeapFreeRatio	G1PeriodicGCInterval	G1UseTimeBasedHeapSizing	NativeMemoryTracking	UseG1GC
1	1	direct	cycle-01-01-direct	260046848	4139778048	40	70	0	MISSING	off	true
1	2	bypass	cycle-01-02-bypass	260046848	4139778048	40	70	0	MISSING	summary	true
1	3	tuned	cycle-01-03-tuned	260046848	10024386560	10	50	10000	true	summary	true
2	1	bypass	cycle-02-01-bypass	260046848	4139778048	40	70	0	MISSING	summary	true
2	2	tuned	cycle-02-02-tuned	260046848	10015997952	10	50	10000	true	summary	true
2	3	direct	cycle-02-03-direct	260046848	4139778048	40	70	0	MISSING	off	true
3	1	tuned	cycle-03-01-tuned	260046848	10015997952	10	50	10000	true	summary	true
3	2	direct	cycle-03-02-direct	260046848	4139778048	40	70	0	MISSING	off	true
3	3	bypass	cycle-03-03-bypass	260046848	4139778048	40	70	0	MISSING	summary	true
4	1	direct	cycle-04-01-direct	260046848	4139778048	40	70	0	MISSING	off	true
4	2	tuned	cycle-04-02-tuned	260046848	10418651136	10	50	10000	true	summary	true
4	3	bypass	cycle-04-03-bypass	260046848	4139778048	40	70	0	MISSING	summary	true
5	1	bypass	cycle-05-01-bypass	260046848	4139778048	40	70	0	MISSING	summary	true
5	2	direct	cycle-05-02-direct	260046848	4139778048	40	70	0	MISSING	off	true
5	3	tuned	cycle-05-03-tuned	260046848	10468982784	10	50	10000	true	summary	true
