timestamp_ms	rss_kb	cpu_ticks
1790735281500	41872	13
1790735281718	58876	54
1790735281934	79108	100
1790735282157	119104	168
1790735282377	125288	248
1790735282600	139964	322
1790735282818	159008	397
1790735283037	230340	480
1790735283266	279312	573
1790735283489	297148	674
1790735283720	335364	775
1790735283947	339068	876
1790735284183	348316	971
1790735284415	349944	1079
1790735284639	352512	1177
1790735284869	352840	1270
1790735285099	360948	1369
1790735285327	361300	1460
1790735285554	361320	1547
1790735285781	361680	1651
1790735286006	379964	1751
1790735286238	392220	1856
1790735286463	403204	1960
1790735286717	423328	2111
1790735286953	287452	2284
1790735287195	297736	2442
1790735287418	318072	2556
1790735287637	318240	2595
1790735287854	318272	2604
1790735288074	318272	2604
1790735288298	346472	2647
1790735288551	368876	2758
1790735288794	379304	2882
1790735289028	373980	2995
1790735289259	387632	3059
1790735289490	393444	3104
1790735289719	398828	3189
1790735289945	408644	3310
1790735290169	410448	3405
1790735290395	412328	3505
1790735290618	425264	3620
1790735290846	431328	3715
1790735291070	435616	3809
1790735291296	441476	3904
1790735291527	443852	4002
1790735291767	446684	4132
1790735291992	451592	4247
1790735292234	453196	4342
1790735292472	458720	4445
1790735292703	475308	4542
1790735292928	479720	4639
1790735293148	512456	4729
1790735293367	535068	4770
1790735293588	562408	4844
1790735293812	582108	4921
1790735294036	619488	5014
1790735294263	651204	5113
1790735294486	652216	5208
1790735294715	662128	5299
1790735294941	665320	5392
1790735295164	667576	5485
1790735295385	670916	5552
1790735295609	674144	5638
1790735295832	675744	5725
1790735296071	677260	5842
1790735296299	678008	5958
1790735296522	679504	6038
1790735296750	683620	6100
1790735296976	686008	6156
1790735297210	687504	6207
1790735297435	689260	6247
1790735297657	690084	6267
1790735297879	690740	6287
1790735298104	691656	6320
1790735298323	692640	6339
1790735298545	696156	6358
1790735298765	702980	6416
1790735298985	707528	6456
1790735299206	711548	6495
1790735299427	718124	6553
1790735299649	720456	6593
1790735299870	722684	6650
1790735300092	728184	6725
1790735300316	732088	6770
1790735300537	735104	6808
1790735300766	739140	6879
1790735300988	748840	6986
1790735301220	747344	7092
1790735301449	768304	7198
1790735301673	771456	7264
1790735301904	775352	7301
1790735302130	783496	7387
1790735302366	791096	7474
1790735302618	792832	7596
1790735302858	795240	7630
1790735303089	795244	7631
1790735303312	795788	7640
1790735303542	799928	7678
1790735303765	810252	7774
1790735303985	815308	7824
1790735304208	818692	7843
1790735304432	818792	7846
1790735304661	818820	7848
1790735304882	818948	7850
1790735305103	819072	7856
1790735305328	819188	7858
1790735305550	819272	7860
1790735305771	819352	7878
1790735305997	819516	7884
1790735306219	819636	7887
1790735306440	819672	7889
1790735306663	810900	7891
1790735306884	811020	7893
1790735307107	811076	7895
1790735307330	811132	7897
1790735307550	811224	7899
1790735307771	811304	7900
1790735307992	811340	7902
1790735308211	811440	7905
1790735308431	811944	7907
1790735308654	812188	7909
1790735308875	812260	7911
1790735309097	812348	7913
1790735309317	812372	7914
1790735309541	812480	7919
1790735309761	812544	7921
1790735309983	812572	7923
1790735310203	812616	7925
1790735310426	812656	7926
1790735310649	812696	7928
1790735310869	812704	7929
1790735311096	812704	7929
1790735311325	811704	7930
1790735311560	811704	7930
1790735311781	811704	7931
1790735312005	822484	7971
1790735312226	831564	8033
1790735312451	831880	8038
1790735312673	831984	8042
1790735312895	832000	8042
1790735313116	832000	8042
1790735313338	832000	8042
1790735313560	832000	8043
1790735313781	832012	8043
1790735314003	832612	8052
1790735314224	832612	8052
1790735314447	832612	8053
1790735314670	832612	8053
1790735314904	832616	8053
1790735315124	832632	8054
1790735315343	832632	8055
