tool	finding	count	classification	disposition	rationale
SpotBugs	STCAL_INVOKE_ON_STATIC_DATE_FORMAT_INSTANCE	5	real defect	fix before enabling gate	Static SimpleDateFormat instances are shared by concurrent web requests and are not thread-safe.
SpotBugs	UWF_NULL_FIELD BookingBackingBean.newTrackingId	1	real defect	fix before enabling gate	The field is initialized to null, never assigned, and exposed by a getter; register() instead assigns an unused local trackingId.
SpotBugs	UWF_UNWRITTEN_FIELD CargoRoute.nextLocation	1	real defect	fix before enabling gate	The DTO exposes getNextLocation(), but no constructor or method writes the field.
PMD	SimpleDateFormatNeedsLocale	8	actionable legacy debt	do not select PMD initially	Locale-explicit formatting is useful but lower priority than the thread-safety defects and broadens the initial cleanup.
PMD	UseLocaleWithCaseConversions	9	actionable legacy debt	do not select PMD initially	Locale-explicit case conversion is useful but is a separate compatibility cleanup.
PMD	AvoidCatchingNPE	2	real defect candidate	do not select PMD initially	Catching NullPointerException hides the actual invalid input or state and merits later focused cleanup.
PMD	UnusedNullCheckInEquals	1	real defect candidate	do not select PMD initially	The equals implementation contains a redundant or misplaced null check and merits later focused cleanup.
PMD	NonSerializableClass	1	framework review	do not select PMD initially	JSF passivation behavior requires container-context review before treating this as a defect.
PMD	ConstructorCallsOverridableMethod	1	framework or legacy review	do not select PMD initially	The JPA/domain object pattern requires review before changing constructor behavior.
PMD	CloseResource on WebSocket Session	1	false positive	do not select PMD initially	The Jakarta WebSocket container owns Session lifecycle; application code removes sessions on close rather than closing each after send.
PMD	AssignmentInOperand	1	intentional legacy pattern	do not select PMD initially	The checkpoint code intentionally combines assignment and condition evaluation.
