category	path	line	column	message
serial	src/main/java/org/eclipse/cargotracker/interfaces/handling/HandlingEventRegistrationAttempt.java	17	8	serializable class org.eclipse.cargotracker.interfaces.handling.HandlingEventRegistrationAttempt has no definition of serialVersionUID
serial	src/main/java/org/eclipse/cargotracker/interfaces/booking/facade/dto/RouteCandidate.java	11	8	serializable class org.eclipse.cargotracker.interfaces.booking.facade.dto.RouteCandidate has no definition of serialVersionUID
serial	src/main/java/org/eclipse/cargotracker/interfaces/booking/facade/dto/Leg.java	12	8	serializable class org.eclipse.cargotracker.interfaces.booking.facade.dto.Leg has no definition of serialVersionUID
rawtypes	src/main/java/org/eclipse/cargotracker/domain/model/voyage/SampleVoyages.java	117	28	found raw type: java.util.ArrayList
serial	src/main/java/org/eclipse/cargotracker/infrastructure/messaging/jms/JmsApplicationEvents.java	18	8	serializable class org.eclipse.cargotracker.infrastructure.messaging.jms.JmsApplicationEvents has no definition of serialVersionUID
serial	src/main/java/org/eclipse/pathfinder/api/TransitPath.java	9	8	serializable class org.eclipse.pathfinder.api.TransitPath has no definition of serialVersionUID
serial	src/main/java/org/eclipse/pathfinder/api/TransitEdge.java	10	8	serializable class org.eclipse.pathfinder.api.TransitEdge has no definition of serialVersionUID
rawtypes	src/main/java/org/eclipse/cargotracker/interfaces/booking/web/ChangeDestinationDialog.java	38	30	found raw type: org.primefaces.event.SelectEvent
serial	src/main/java/org/eclipse/cargotracker/interfaces/booking/web/ChangeDestinationDialog.java	19	8	serializable class org.eclipse.cargotracker.interfaces.booking.web.ChangeDestinationDialog has no definition of serialVersionUID
serial	src/main/java/org/eclipse/cargotracker/interfaces/booking/web/DashboardView.java	17	8	serializable class org.eclipse.cargotracker.interfaces.booking.web.DashboardView has no definition of serialVersionUID
serial	src/main/java/org/eclipse/cargotracker/interfaces/handling/file/EventFilesCheckpoint.java	8	8	serializable class org.eclipse.cargotracker.interfaces.handling.file.EventFilesCheckpoint has no definition of serialVersionUID
serial	src/main/java/org/eclipse/cargotracker/interfaces/handling/file/EventLineParseException.java	6	8	serializable class org.eclipse.cargotracker.interfaces.handling.file.EventLineParseException has no definition of serialVersionUID
serial	src/main/java/org/eclipse/cargotracker/interfaces/handling/mobile/EventWizard.java	30	8	serializable class org.eclipse.cargotracker.interfaces.handling.mobile.EventWizard has no definition of serialVersionUID
serial	src/main/java/org/eclipse/pathfinder/internal/GraphDao.java	11	8	serializable class org.eclipse.pathfinder.internal.GraphDao has no definition of serialVersionUID
