priority	ruleset	rule	file	beginline	endline	message
3	Error Prone	CloseResource	/home/edburns/workareas/dd-3016202-cargotracker-devoxx-be-2026-02/1-trick-out-01-remove-before-merge/spike_1_10_static-analyzer/scratch/pmd/demo/src/main/java/org/eclipse/cargotracker/analysis/AnalyzerFailureFixture.java	16	16	Ensure that resources like this InputStream object are closed after use
3	Error Prone	SimpleDateFormatNeedsLocale	/home/edburns/workareas/dd-3016202-cargotracker-devoxx-be-2026-02/1-trick-out-01-remove-before-merge/spike_1_10_static-analyzer/scratch/pmd/demo/src/main/java/org/eclipse/cargotracker/application/util/DateUtil.java	23	23	When instantiating a SimpleDateFormat object, specify a Locale
3	Error Prone	UseLocaleWithCaseConversions	/home/edburns/workareas/dd-3016202-cargotracker-devoxx-be-2026-02/1-trick-out-01-remove-before-merge/spike_1_10_static-analyzer/scratch/pmd/demo/src/main/java/org/eclipse/cargotracker/application/util/LocationUtil.java	47	47	When doing a String.toLowerCase()/toUpperCase() call, use a Locale
3	Error Prone	UseLocaleWithCaseConversions	/home/edburns/workareas/dd-3016202-cargotracker-devoxx-be-2026-02/1-trick-out-01-remove-before-merge/spike_1_10_static-analyzer/scratch/pmd/demo/src/main/java/org/eclipse/cargotracker/application/util/LocationUtil.java	80	80	When doing a String.toLowerCase()/toUpperCase() call, use a Locale
3	Error Prone	UseLocaleWithCaseConversions	/home/edburns/workareas/dd-3016202-cargotracker-devoxx-be-2026-02/1-trick-out-01-remove-before-merge/spike_1_10_static-analyzer/scratch/pmd/demo/src/main/java/org/eclipse/cargotracker/application/util/LocationUtil.java	113	113	When doing a String.toLowerCase()/toUpperCase() call, use a Locale
1	Error Prone	ConstructorCallsOverridableMethod	/home/edburns/workareas/dd-3016202-cargotracker-devoxx-be-2026-02/1-trick-out-01-remove-before-merge/spike_1_10_static-analyzer/scratch/pmd/demo/src/main/java/org/eclipse/cargotracker/domain/model/cargo/Delivery.java	78	78	This method may call an overridable method during object construction: Delivery.getTransportStatus() (call stack: [Delivery.calculateCurrentVoyage(), Delivery.getTransportStatus()])
3	Error Prone	UnusedNullCheckInEquals	/home/edburns/workareas/dd-3016202-cargotracker-devoxx-be-2026-02/1-trick-out-01-remove-before-merge/spike_1_10_static-analyzer/scratch/pmd/demo/src/main/java/org/eclipse/cargotracker/domain/model/handling/HandlingEvent.java	114	114	Invoke equals() on the object you've already ensured is not null
3	Error Prone	UseLocaleWithCaseConversions	/home/edburns/workareas/dd-3016202-cargotracker-devoxx-be-2026-02/1-trick-out-01-remove-before-merge/spike_1_10_static-analyzer/scratch/pmd/demo/src/main/java/org/eclipse/cargotracker/domain/model/location/UnLocode.java	43	43	When doing a String.toLowerCase()/toUpperCase() call, use a Locale
3	Error Prone	UseLocaleWithCaseConversions	/home/edburns/workareas/dd-3016202-cargotracker-devoxx-be-2026-02/1-trick-out-01-remove-before-merge/spike_1_10_static-analyzer/scratch/pmd/demo/src/main/java/org/eclipse/cargotracker/infrastructure/persistence/jpa/JpaCargoRepository.java	59	59	When doing a String.toLowerCase()/toUpperCase() call, use a Locale
3	Error Prone	SimpleDateFormatNeedsLocale	/home/edburns/workareas/dd-3016202-cargotracker-devoxx-be-2026-02/1-trick-out-01-remove-before-merge/spike_1_10_static-analyzer/scratch/pmd/demo/src/main/java/org/eclipse/cargotracker/interfaces/booking/facade/dto/CargoRoute.java	20	20	When instantiating a SimpleDateFormat object, specify a Locale
3	Error Prone	SimpleDateFormatNeedsLocale	/home/edburns/workareas/dd-3016202-cargotracker-devoxx-be-2026-02/1-trick-out-01-remove-before-merge/spike_1_10_static-analyzer/scratch/pmd/demo/src/main/java/org/eclipse/cargotracker/interfaces/booking/facade/dto/Leg.java	15	15	When instantiating a SimpleDateFormat object, specify a Locale
3	Error Prone	SimpleDateFormatNeedsLocale	/home/edburns/workareas/dd-3016202-cargotracker-devoxx-be-2026-02/1-trick-out-01-remove-before-merge/spike_1_10_static-analyzer/scratch/pmd/demo/src/main/java/org/eclipse/cargotracker/interfaces/booking/facade/internal/assembler/ItineraryCandidateDtoAssembler.java	21	21	When instantiating a SimpleDateFormat object, specify a Locale
3	Error Prone	CloseResource	/home/edburns/workareas/dd-3016202-cargotracker-devoxx-be-2026-02/1-trick-out-01-remove-before-merge/spike_1_10_static-analyzer/scratch/pmd/demo/src/main/java/org/eclipse/cargotracker/interfaces/booking/socket/RealtimeCargoTrackingService.java	64	64	Ensure that resources like this Session object are closed after use
3	Error Prone	SimpleDateFormatNeedsLocale	/home/edburns/workareas/dd-3016202-cargotracker-devoxx-be-2026-02/1-trick-out-01-remove-before-merge/spike_1_10_static-analyzer/scratch/pmd/demo/src/main/java/org/eclipse/cargotracker/interfaces/booking/web/Registration.java	82	82	When instantiating a SimpleDateFormat object, specify a Locale
3	Error Prone	AssignmentInOperand	/home/edburns/workareas/dd-3016202-cargotracker-devoxx-be-2026-02/1-trick-out-01-remove-before-merge/spike_1_10_static-analyzer/scratch/pmd/demo/src/main/java/org/eclipse/cargotracker/interfaces/handling/file/EventFilesCheckpoint.java	37	37	Avoid assignment to fileIndex in operand
3	Error Prone	SimpleDateFormatNeedsLocale	/home/edburns/workareas/dd-3016202-cargotracker-devoxx-be-2026-02/1-trick-out-01-remove-before-merge/spike_1_10_static-analyzer/scratch/pmd/demo/src/main/java/org/eclipse/cargotracker/interfaces/handling/file/EventItemReader.java	108	108	When instantiating a SimpleDateFormat object, specify a Locale
3	Error Prone	AvoidCatchingNPE	/home/edburns/workareas/dd-3016202-cargotracker-devoxx-be-2026-02/1-trick-out-01-remove-before-merge/spike_1_10_static-analyzer/scratch/pmd/demo/src/main/java/org/eclipse/cargotracker/interfaces/handling/file/EventItemReader.java	117	117	Avoid catching NullPointerException; consider removing the cause of the NPE.
3	Error Prone	AvoidCatchingNPE	/home/edburns/workareas/dd-3016202-cargotracker-devoxx-be-2026-02/1-trick-out-01-remove-before-merge/spike_1_10_static-analyzer/scratch/pmd/demo/src/main/java/org/eclipse/cargotracker/interfaces/handling/file/EventItemReader.java	127	127	Avoid catching NullPointerException; consider removing the cause of the NPE.
3	Error Prone	SimpleDateFormatNeedsLocale	/home/edburns/workareas/dd-3016202-cargotracker-devoxx-be-2026-02/1-trick-out-01-remove-before-merge/spike_1_10_static-analyzer/scratch/pmd/demo/src/main/java/org/eclipse/cargotracker/interfaces/handling/rest/HandlingReportService.java	46	46	When instantiating a SimpleDateFormat object, specify a Locale
3	Error Prone	SimpleDateFormatNeedsLocale	/home/edburns/workareas/dd-3016202-cargotracker-devoxx-be-2026-02/1-trick-out-01-remove-before-merge/spike_1_10_static-analyzer/scratch/pmd/demo/src/main/java/org/eclipse/cargotracker/interfaces/tracking/web/CargoTrackingViewAdapter.java	28	28	When instantiating a SimpleDateFormat object, specify a Locale
3	Error Prone	UseLocaleWithCaseConversions	/home/edburns/workareas/dd-3016202-cargotracker-devoxx-be-2026-02/1-trick-out-01-remove-before-merge/spike_1_10_static-analyzer/scratch/pmd/demo/src/main/java/org/eclipse/cargotracker/interfaces/tracking/web/CargoTrackingViewAdapter.java	110	110	When doing a String.toLowerCase()/toUpperCase() call, use a Locale
3	Error Prone	UseLocaleWithCaseConversions	/home/edburns/workareas/dd-3016202-cargotracker-devoxx-be-2026-02/1-trick-out-01-remove-before-merge/spike_1_10_static-analyzer/scratch/pmd/demo/src/main/java/org/eclipse/cargotracker/interfaces/tracking/web/CargoTrackingViewAdapter.java	114	114	When doing a String.toLowerCase()/toUpperCase() call, use a Locale
3	Error Prone	UseLocaleWithCaseConversions	/home/edburns/workareas/dd-3016202-cargotracker-devoxx-be-2026-02/1-trick-out-01-remove-before-merge/spike_1_10_static-analyzer/scratch/pmd/demo/src/main/java/org/eclipse/cargotracker/interfaces/tracking/web/CargoTrackingViewAdapter.java	118	118	When doing a String.toLowerCase()/toUpperCase() call, use a Locale
3	Error Prone	UseLocaleWithCaseConversions	/home/edburns/workareas/dd-3016202-cargotracker-devoxx-be-2026-02/1-trick-out-01-remove-before-merge/spike_1_10_static-analyzer/scratch/pmd/demo/src/main/java/org/eclipse/cargotracker/interfaces/tracking/web/CargoTrackingViewAdapter.java	151	151	When doing a String.toLowerCase()/toUpperCase() call, use a Locale
3	Error Prone	NonSerializableClass	/home/edburns/workareas/dd-3016202-cargotracker-devoxx-be-2026-02/1-trick-out-01-remove-before-merge/spike_1_10_static-analyzer/scratch/pmd/demo/src/main/java/org/eclipse/cargotracker/interfaces/tracking/web/Track.java	42	42	The field 'cargo' of serializable class 'org.eclipse.cargotracker.interfaces.tracking.web.Track' is of non-serializable type 'org.eclipse.cargotracker.interfaces.tracking.web.CargoTrackingViewAdapter'.
