metric	minimum	median	maximum	range	cv_percent
startup_ms	33702.000	37144.000	57137.000	23435.000	20.898
request_median_ms	8.518	9.918	13.996	5.478	20.691
peak_rss_kb	708676.000	758064.000	859464.000	150788.000	6.652
cpu_seconds	108.760	118.460	177.180	68.420	20.555
heap_before_kb	122181.000	139447.000	217860.000	95679.000	22.985
heap_after_kb	123566.000	154294.000	171211.000	47645.000	10.863
gc_pause_count	36.000	42.000	48.000	12.000	9.996
gc_pause_total_ms	378.193	473.043	637.322	259.129	18.827
total_ms	51676.000	61292.000	76392.000	24716.000	14.918
