request	status	time_seconds	size_bytes
1	200	0.012357	675
2	200	0.008811	675
3	200	0.007137	675
4	200	0.010549	675
5	200	0.009705	675
6	200	0.007690	675
7	200	0.008160	675
8	200	0.007521	675
9	200	0.007609	675
10	200	0.008888	675
11	200	0.006478	675
12	200	0.009392	675
13	200	0.008242	675
14	200	0.008454	675
15	200	0.007091	675
16	200	0.007853	675
17	200	0.007748	675
18	200	0.006644	675
19	200	0.007657	675
20	200	0.008853	675
21	200	0.007439	675
22	200	0.006617	675
23	200	0.007894	675
24	200	0.007984	675
25	200	0.007773	675
26	200	0.009077	675
27	200	0.006512	675
28	200	0.007324	675
29	200	0.007112	675
30	200	0.006613	675
